{
  "guid": "6e0828c5-bed5-447a-bab6-7fa251626d54",
  "name": "OpenMP* Primes",
  "categories": ["Toolkit/oneAPI Direct Programming/Fortran/Combinational Logic"],
  "description": "Fortran Tutorial - Using OpenMP* (OMP)",
  "toolchain": [ "ifort" ],
  "languages": [ { "fortran": {} } ],
  "targetDevice": [ "CPU" ],
  "os": [ "darwin" ],
  "builder": [ "make" ],
  "ciTests":{
    "darwin": [
      {
        "id": "fort_release_cpu",
        "steps": [
          "make release",
          "make run",
          "make clean"
        ]
       },
       { 
        "id": "fort_debug_cpu",
        "steps": [
          "make debug",
          "make debug_run",
          "make clean"
        ]
       }
    ]
  }
}
